{
    "vel": 10,
    "sto": [
        4.598338833689158
    ],
    "det": [
        4.099278168110906
    ],
    "dum": [
        16.108586709661868
    ],
    "opt": [
        4.114362008249545
    ]
}