{
    "vel": 15,
    "sto": [
        2.9112309224996853
    ],
    "det": [
        2.9112309224996853
    ],
    "dum": [
        3.4457958565720563
    ],
    "opt": [
        2.944820984372296
    ]
}