{
    "vel": 20,
    "sto": [
        9.059727972677452
    ],
    "det": [
        9.059727972677452
    ],
    "dum": [
        22.96712443336675
    ],
    "opt": [
        6.585535671055204
    ]
}