{
    "vel": 5,
    "sto": [
        13.942949334249096
    ],
    "det": [
        12.094477524241082
    ],
    "dum": [
        27.292607042412914
    ],
    "opt": [
        11.997113558447744
    ]
}