{
    "vel": 5,
    "sto": [
        6.620601868474903
    ],
    "det": [
        6.621604116052
    ],
    "dum": [
        18.310092922826932
    ],
    "opt": [
        6.747194101405154
    ]
}