{
    "opt": [
        55.28260898590088, 
        53.281065940856934, 
        51.79004716873169, 
        51.3398060798645, 
        50.84632110595703, 
        50.737269163131714, 
        49.973066091537476, 
        49.47833800315857, 
        48.97378611564636, 
        48.1431610584259, 
        46.958719968795776, 
        47.29490804672241, 
        47.4888961315155, 
        47.649611949920654, 
        47.77921390533447, 
        47.83694314956665, 
        47.77999997138977, 
        47.79750394821167, 
        46.58407187461853, 
        45.089682817459106, 
        39.3261239528656, 
        38.51100397109985, 
        37.677903175354004, 
        36.91646194458008, 
        36.269984006881714, 
        35.589231967926025, 
        34.954754114151, 
        34.44868803024292, 
        33.946138858795166, 
        33.376424074172974, 
        32.390795946121216, 
        32.856804847717285, 
        33.35785722732544, 
        33.87830591201782, 
        34.25190877914429, 
        34.55162501335144, 
        34.95274591445923, 
        34.95108699798584, 
        34.50397801399231, 
        33.37671089172363
    ], 
    "det": [
        8.78797197341919, 
        8.85719084739685, 
        8.899845838546753, 
        8.863447904586792, 
        8.786570072174072, 
        8.804440021514893, 
        8.646804094314575, 
        8.5468590259552, 
        8.275739908218384, 
        8.022886991500854, 
        8.006435871124268, 
        8.035772800445557, 
        8.155850887298584, 
        8.30929183959961, 
        8.327442169189453, 
        8.57102108001709, 
        8.782165050506592, 
        9.042829036712646, 
        8.942705869674683, 
        8.936476945877075, 
        9.285408020019531, 
        9.167881965637207, 
        9.103823900222778, 
        9.225934982299805, 
        9.163912057876587, 
        9.154274940490723, 
        9.04256296157837, 
        8.918826818466187, 
        8.74903392791748, 
        8.477674961090088, 
        8.46215009689331, 
        8.370410919189453, 
        8.556875944137573, 
        8.579885959625244, 
        8.672701120376587, 
        8.820992946624756, 
        9.013108968734741, 
        9.426318883895874, 
        9.242202997207642, 
        9.310173034667969
    ]
}