{
    "opt": [
        60.777344942092896, 
        58.136876821517944, 
        56.57376289367676, 
        56.41194295883179, 
        54.67740607261658, 
        54.48236703872681, 
        52.921679973602295, 
        52.283771991729736, 
        50.8377799987793, 
        50.18565797805786, 
        48.76988911628723, 
        49.15900111198425, 
        49.185181856155396, 
        46.81933808326721, 
        47.418850898742676, 
        48.126221895217896, 
        48.993797063827515, 
        49.21546506881714, 
        49.88515305519104, 
        50.92784404754639, 
        51.41026496887207, 
        50.826170921325684, 
        51.09001183509827, 
        52.041301012039185, 
        53.18003296852112, 
        52.7051568031311, 
        52.46363115310669, 
        51.43088102340698, 
        51.06875514984131, 
        44.91360116004944, 
        44.929288148880005, 
        43.42447113990784, 
        42.62449288368225, 
        40.889106035232544, 
        39.95666193962097, 
        39.70350193977356, 
        38.496761083602905, 
        37.84264302253723, 
        37.10162591934204, 
        35.537113904953, 
        34.422290086746216, 
        32.93109488487244, 
        31.497859001159668, 
        31.236609935760498, 
        31.801934003829956, 
        32.20304083824158, 
        32.84585118293762, 
        33.40959286689758, 
        34.123188972473145, 
        34.65774583816528, 
        35.26228713989258, 
        35.90275311470032, 
        36.57413101196289, 
        37.12185502052307, 
        37.562520027160645, 
        37.99995303153992, 
        37.63162803649902, 
        36.90877103805542
    ], 
    "det": [
        8.891382932662964, 
        9.306815147399902, 
        9.165953874588013, 
        9.153748035430908, 
        9.441533088684082, 
        9.226627826690674, 
        9.61104702949524, 
        9.183261156082153, 
        9.435731887817383, 
        9.33855414390564, 
        9.265031099319458, 
        9.0762460231781, 
        9.107228994369507, 
        8.724116802215576, 
        8.46220088005066, 
        8.477010011672974, 
        8.575747013092041, 
        8.680732011795044, 
        8.431561946868896, 
        8.694424867630005, 
        8.649791955947876, 
        8.771521091461182, 
        8.45232892036438, 
        8.460316181182861, 
        9.011717796325684, 
        8.976418018341064, 
        9.344289064407349, 
        9.437821865081787, 
        9.186875104904175, 
        9.805798053741455, 
        9.618978023529053, 
        9.583432912826538, 
        9.777132034301758, 
        9.956872940063477, 
        9.658289909362793, 
        9.748276948928833, 
        9.742514848709106, 
        10.141183853149414, 
        9.991688013076782, 
        9.47949504852295, 
        9.422518968582153, 
        8.942282915115356, 
        8.78604793548584, 
        8.850003957748413, 
        8.837241888046265, 
        8.822396993637085, 
        8.73576807975769, 
        8.744082927703857, 
        8.682530164718628, 
        8.841434955596924, 
        8.891867876052856, 
        8.860582828521729, 
        8.87825083732605, 
        9.07580304145813, 
        9.285233974456787, 
        9.559087038040161, 
        9.547828912734985, 
        9.783658981323242
    ]
}