{
    "opt": [
        55.28260898590088, 
        53.281065940856934, 
        51.79004716873169, 
        51.3398060798645, 
        50.84632110595703, 
        50.737269163131714, 
        49.973066091537476, 
        49.47833800315857, 
        48.97378611564636, 
        48.1431610584259, 
        46.958719968795776, 
        47.29490804672241, 
        47.4888961315155, 
        47.649611949920654, 
        47.77921390533447, 
        47.83694314956665, 
        47.77999997138977, 
        47.79750394821167, 
        46.58407187461853, 
        45.089682817459106, 
        39.3261239528656, 
        38.51100397109985, 
        37.677903175354004, 
        36.91646194458008, 
        36.269984006881714, 
        35.589231967926025, 
        34.954754114151, 
        34.44868803024292, 
        33.946138858795166, 
        33.376424074172974, 
        32.390795946121216, 
        32.856804847717285, 
        33.35785722732544, 
        33.87830591201782, 
        34.25190877914429, 
        34.55162501335144, 
        34.95274591445923, 
        34.95108699798584, 
        34.50397801399231, 
        33.37671089172363, 
        22.849130868911743, 
        22.21570587158203, 
        21.5433349609375, 
        20.774256944656372, 
        19.93238615989685, 
        19.0786030292511, 
        18.160238027572632, 
        17.33855700492859, 
        16.49173402786255, 
        15.578322887420654, 
        14.133510112762451, 
        14.289329051971436, 
        14.670340061187744, 
        15.124533891677856, 
        15.594263792037964, 
        16.112748861312866, 
        16.69074511528015, 
        17.314598083496094, 
        17.41190481185913, 
        16.889332056045532, 
        11.675899982452393, 
        11.243711948394775, 
        10.80833101272583, 
        10.369056940078735, 
        9.939197063446045, 
        9.487212896347046, 
        9.074437856674194, 
        8.608298063278198, 
        8.171255111694336, 
        7.75225305557251, 
        6.326479196548462, 
        6.101250886917114, 
        6.097357988357544, 
        6.082192897796631, 
        6.073688983917236, 
        6.07657790184021, 
        6.0729780197143555, 
        6.2302820682525635, 
        6.40619683265686, 
        5.975116968154907
    ], 
    "det": [
        8.78797197341919, 
        8.85719084739685, 
        8.899845838546753, 
        8.863447904586792, 
        8.786570072174072, 
        8.804440021514893, 
        8.646804094314575, 
        8.5468590259552, 
        8.275739908218384, 
        8.022886991500854, 
        8.006435871124268, 
        8.035772800445557, 
        8.155850887298584, 
        8.30929183959961, 
        8.327442169189453, 
        8.57102108001709, 
        8.782165050506592, 
        9.042829036712646, 
        8.942705869674683, 
        8.936476945877075, 
        9.285408020019531, 
        9.167881965637207, 
        9.103823900222778, 
        9.225934982299805, 
        9.163912057876587, 
        9.154274940490723, 
        9.04256296157837, 
        8.918826818466187, 
        8.74903392791748, 
        8.477674961090088, 
        8.46215009689331, 
        8.370410919189453, 
        8.556875944137573, 
        8.579885959625244, 
        8.672701120376587, 
        8.820992946624756, 
        9.013108968734741, 
        9.426318883895874, 
        9.242202997207642, 
        9.310173034667969, 
        2.2892520427703857, 
        2.2523608207702637, 
        2.2576518058776855, 
        2.253822088241577, 
        2.2598659992218018, 
        2.258060932159424, 
        2.267685890197754, 
        2.2511839866638184, 
        2.254034996032715, 
        2.2153570652008057, 
        2.112534999847412, 
        2.1207528114318848, 
        2.1299750804901123, 
        2.1267430782318115, 
        2.142035961151123, 
        2.1480839252471924, 
        2.2031140327453613, 
        2.256730079650879, 
        2.2827110290527344, 
        2.271885871887207, 
        0.7446839809417725, 
        0.7330441474914551, 
        0.7338869571685791, 
        0.7354931831359863, 
        0.7546238899230957, 
        0.7349779605865479, 
        0.7337429523468018, 
        0.7329058647155762, 
        0.7346930503845215, 
        0.7434170246124268, 
        0.6376559734344482, 
        0.5563631057739258, 
        0.56044602394104, 
        0.5598819255828857, 
        0.5562248229980469, 
        0.5593991279602051, 
        0.56101393699646, 
        0.6679530143737793, 
        0.7369019985198975, 
        0.736814022064209
    ]
}