{
    "opt": [
        55.28260898590088, 
        53.281065940856934, 
        51.79004716873169, 
        51.3398060798645, 
        50.84632110595703, 
        50.737269163131714, 
        49.973066091537476, 
        49.47833800315857, 
        48.97378611564636, 
        48.1431610584259, 
        46.958719968795776, 
        47.29490804672241, 
        47.4888961315155, 
        47.649611949920654, 
        47.77921390533447, 
        47.83694314956665, 
        47.77999997138977, 
        47.79750394821167, 
        46.58407187461853, 
        45.089682817459106
    ], 
    "det": [
        8.78797197341919, 
        8.85719084739685, 
        8.899845838546753, 
        8.863447904586792, 
        8.786570072174072, 
        8.804440021514893, 
        8.646804094314575, 
        8.5468590259552, 
        8.275739908218384, 
        8.022886991500854, 
        8.006435871124268, 
        8.035772800445557, 
        8.155850887298584, 
        8.30929183959961, 
        8.327442169189453, 
        8.57102108001709, 
        8.782165050506592, 
        9.042829036712646, 
        8.942705869674683, 
        8.936476945877075
    ]
}