{
    "opt": [
        60.777344942092896, 
        58.136876821517944, 
        56.57376289367676, 
        56.41194295883179, 
        54.67740607261658, 
        54.48236703872681, 
        52.921679973602295, 
        52.283771991729736, 
        50.8377799987793, 
        50.18565797805786, 
        48.76988911628723, 
        49.15900111198425, 
        49.185181856155396, 
        46.81933808326721, 
        47.418850898742676, 
        48.126221895217896, 
        48.993797063827515, 
        49.21546506881714, 
        49.88515305519104, 
        50.92784404754639, 
        51.41026496887207, 
        50.826170921325684, 
        51.09001183509827, 
        52.041301012039185, 
        53.18003296852112, 
        52.7051568031311, 
        52.46363115310669, 
        51.43088102340698, 
        51.06875514984131
    ], 
    "det": [
        8.891382932662964, 
        9.306815147399902, 
        9.165953874588013, 
        9.153748035430908, 
        9.441533088684082, 
        9.226627826690674, 
        9.61104702949524, 
        9.183261156082153, 
        9.435731887817383, 
        9.33855414390564, 
        9.265031099319458, 
        9.0762460231781, 
        9.107228994369507, 
        8.724116802215576, 
        8.46220088005066, 
        8.477010011672974, 
        8.575747013092041, 
        8.680732011795044, 
        8.431561946868896, 
        8.694424867630005, 
        8.649791955947876, 
        8.771521091461182, 
        8.45232892036438, 
        8.460316181182861, 
        9.011717796325684, 
        8.976418018341064, 
        9.344289064407349, 
        9.437821865081787, 
        9.186875104904175
    ]
}