	v0	t0	det	sto	dum
0	5.0	24.0	23.13100367499966	18.33677237045415	138.0020000000011
